{
  "current": {
    "type_base_size": "16px",
    "color_primary": "#000",
    "color_body_text": "#000",
    "social_sharing_blog": true,
    "share_facebook": true,
    "share_twitter": true,
    "share_pinterest": true,
    "social_twitter_link": "",
    "social_facebook_link": "",
    "social_pinterest_link": "",
    "social_instagram_link": "",
    "social_snapchat_link": "",
    "social_tumblr_link": "",
    "social_youtube_link": "",
    "social_vimeo_link": "",
    "cart_notes_enable": true,
    "favicon": "",
    "checkout_header_image": "",
    "checkout_logo_image": "",
    "checkout_logo_position": "left",
    "checkout_logo_size": "medium",
    "checkout_body_background_image": "",
    "checkout_body_background_color": "#fff",
    "checkout_input_background_color_mode": "white",
    "checkout_sidebar_background_image": "",
    "checkout_sidebar_background_color": "#fafafa",
    "checkout_heading_font": "-apple-system, BlinkMacSystemFont, 'Segoe UI', Roboto, Helvetica, Arial, sans-serif, 'Apple Color Emoji', 'Segoe UI Emoji', 'Segoe UI Symbol'",
    "checkout_body_font": "-apple-system, BlinkMacSystemFont, 'Segoe UI', Roboto, Helvetica, Arial, sans-serif, 'Apple Color Emoji', 'Segoe UI Emoji', 'Segoe UI Symbol'",
    "checkout_accent_color": "#197bbd",
    "checkout_button_color": "#197bbd",
    "checkout_error_color": "#e32c2b",
    "sections": {
      "404": {
        "type": "404",
        "settings": {
          "image": "",
          "title": "404 Page",
          "subtitle": "404 Page",
          "btn": "",
          "btntitle": "Button Text"
        }
      },
      "header": {
        "type": "header",
        "settings": {
          "animg": "shopify:\/\/shop_images\/wise-pug-thinking-about-the-world.jpg",
          "bgcolor": "#197bbd",
          "antext": "Text Goes Here",
          "link": "",
          "logo": "shopify:\/\/shop_images\/logo_hi_res_2048_x_2048.jpg",
          "logo_max_width": 250,
          "left_linklist": "left-menu",
          "right_linklist": "right-menu",
          "menimg": "",
          "womenimg": "",
          "youthimg": ""
        }
      },
      "footer": {
        "type": "footer",
        "settings": {
          "logo": "shopify:\/\/shop_images\/p_f_montreal_blanc.png",
          "paragraph": "2055 Parthenais, Montreal <br> H2K 3TI QC, Canada <br>\n555-555-5555 <br>\ninfo@pochesetfils.com",
          "company_linklist": "about-footer",
          "footer_linklist": "main-menu",
          "social_linklist": "social-links"
        }
      },
      "1522694392399": {
        "type": "slider-section",
        "blocks": {
          "1522694392399-0": {
            "type": "select",
            "settings": {
              "image": "shopify:\/\/shop_images\/icecream_chemisebaspoche.png",
              "heading": "Lift your feet <br> Solider",
              "color": "#ec644b",
              "flextext": "text-right",
              "bg-position": "left",
              "subtitle": "You've trained your whole life for this <br> moment",
              "paragraph": "",
              "link": "shopify:\/\/collections\/all-designs",
              "btn": "SHOP NEW DESIGNS",
              "btncolor": "rgba(0,0,0,0)"
            }
          },
          "1522694392399-1": {
            "type": "select",
            "settings": {
              "image": "shopify:\/\/shop_images\/bbq_chemise.png",
              "heading": "Test",
              "color": "#197bbd",
              "flextext": "text---center",
              "bg-position": "center",
              "subtitle": "Testing more",
              "paragraph": "",
              "link": "",
              "btn": "Click here",
              "btncolor": "#f36e21"
            }
          }
        },
        "block_order": [
          "1522694392399-0",
          "1522694392399-1"
        ],
        "settings": {
          "txtcolor": "#fff"
        }
      },
      "1522694412449": {
        "type": "mosaic--section",
        "settings": {
          "heading": "Our Collections",
          "mosaicleftimg": "shopify:\/\/shop_images\/shop_pockets.jpg",
          "mosaicleft": "POCKETS",
          "linkleft": "shopify:\/\/collections\/pockets",
          "mosaicrightimg": "shopify:\/\/shop_images\/shop_hats.jpg",
          "mosaicright": "HATS",
          "linkright": "",
          "mosaiclefttopimg": "shopify:\/\/shop_images\/shop_boxers.jpg",
          "moasaiclefttop": "BOXERS",
          "linklefttop": "",
          "mosaicbottomimg": "shopify:\/\/shop_images\/shop_socks.jpg",
          "mosaicbottom": "SOCKS",
          "linkbottom": "shopify:\/\/collections\/socks"
        }
      },
      "1522695652320": {
        "type": "newsletter--section",
        "settings": {
          "title": "Featured Newsletter",
          "bgimg": "shopify:\/\/shop_images\/Group_3.png",
          "paragraph": "Featured Newsletter",
          "success": "Thank you!",
          "newsplace": "Email address",
          "btntext": "Submit"
        }
      },
      "1522696447571": {
        "type": "instagram--section",
        "settings": {
          "title": "SHOP THE LOOK",
          "insta": "pochesetfils",
          "hash": "#pochesetfils"
        }
      },
      "1522696456543": {
        "type": "promotion--section",
        "settings": {
          "bgimg1": "shopify:\/\/shop_images\/Left_promo.png",
          "bgurl1": "",
          "bgimg2": "shopify:\/\/shop_images\/Right_promo.png",
          "bgurl2": ""
        }
      },
      "1523326170081": {
        "type": "featured--collection--section",
        "settings": {
          "title": "What's Trending",
          "collection": "frontpage"
        }
      },
      "collection--design": {
        "type": "collection--design",
        "settings": {
        }
      },
      "collection--sidebar": {
        "type": "collection--sidebar",
        "blocks": {
          "1523986728867": {
            "type": "select",
            "settings": {
              "toplink": "\/collections\/men\/tops",
              "toplinktitle": "Tops",
              "sublink1": "\/collections\/men\/tshirt",
              "sublinktitle1": "T-Shirts",
              "sublink2": "\/collections\/men\/sweatshirt",
              "sublinktitle2": "Sweatshirt",
              "sublink3": "\/collections\/men\/tanktop",
              "sublinktitle3": "Tank Tops",
              "sublink4": "\/collections\/men\/vneck",
              "sublinktitle4": "V-Necks"
            }
          },
          "1524752507744": {
            "type": "select",
            "settings": {
              "toplink": "",
              "toplinktitle": "Bottoms",
              "sublink1": "shopify:\/\/collections\/men",
              "sublinktitle1": "Boxers",
              "sublink2": "",
              "sublinktitle2": "",
              "sublink3": "",
              "sublinktitle3": "",
              "sublink4": "",
              "sublinktitle4": ""
            }
          },
          "1524752548319": {
            "type": "select",
            "settings": {
              "toplink": "",
              "toplinktitle": "Accessories",
              "sublink1": "shopify:\/\/collections\/men",
              "sublinktitle1": "Unisex Socks",
              "sublink2": "shopify:\/\/collections\/men",
              "sublinktitle2": "Phone Cases",
              "sublink3": "shopify:\/\/collections\/men",
              "sublinktitle3": "Hats",
              "sublink4": "shopify:\/\/collections\/men",
              "sublinktitle4": "Bundles"
            }
          }
        },
        "block_order": [
          "1523986728867",
          "1524752507744",
          "1524752548319"
        ],
        "settings": {
          "text-box": "Title"
        }
      },
      "collection--section": {
        "type": "collection--section",
        "settings": {
        }
      },
      "lookbook-one": {
        "type": "lookbook-one",
        "blocks": {
          "1524493026178": {
            "type": "select",
            "settings": {
              "image": "shopify:\/\/shop_images\/rocky-edge-and-waterfall.jpg",
              "title": "Lookbook heading text",
              "paragraph": "LOREM IPSUM GENERATOR\nLorem ipsum dolor sit amet, consectetur adipiscing elit, sed do eiusmod tempor incididunt ut labore et dolore magna aliqua.",
              "link": "",
              "linktext": "View Collection"
            }
          },
          "1524493028336": {
            "type": "select",
            "settings": {
              "image": "shopify:\/\/shop_images\/fresh-squeezed-orange-juice.jpg",
              "title": "Another heading",
              "paragraph": "LOREM IPSUM GENERATOR\nLorem ipsum dolor sit amet, consectetur adipiscing elit, sed do eiusmod tempor incididunt ut labore et dolore magna aliqua.",
              "link": "",
              "linktext": "View Collection"
            }
          },
          "1524493032167": {
            "type": "select",
            "settings": {
              "image": "shopify:\/\/shop_images\/wise-pug-thinking-about-the-world.jpg",
              "title": "Heading",
              "paragraph": "LOREM IPSUM GENERATOR\nLorem ipsum dolor sit amet, consectetur adipiscing elit, sed do eiusmod tempor incididunt ut labore et dolore magna aliqua.",
              "link": "",
              "linktext": "View Collection"
            }
          }
        },
        "block_order": [
          "1524493026178",
          "1524493028336",
          "1524493032167"
        ],
        "settings": {
          "title": "Lookbook",
          "mainimage": "shopify:\/\/shop_images\/ottawa-city-bridge.jpg"
        }
      },
      "faq--section": {
        "type": "faq--section",
        "blocks": {
          "1524546170981": {
            "type": "select",
            "settings": {
              "title": "Products",
              "tag": "products"
            }
          },
          "1524542487152": {
            "type": "select",
            "settings": {
              "title": "Payments",
              "tag": "payments"
            }
          },
          "1524542810815": {
            "type": "select",
            "settings": {
              "title": "Orders",
              "tag": "orders"
            }
          },
          "1524542876619": {
            "type": "select",
            "settings": {
              "title": "Shipping",
              "tag": "shipping"
            }
          },
          "1524542887532": {
            "type": "select",
            "settings": {
              "title": "Returns",
              "tag": "returns"
            }
          },
          "1524542940733": {
            "type": "select",
            "settings": {
              "title": "Other",
              "tag": "other"
            }
          }
        },
        "block_order": [
          "1524546170981",
          "1524542487152",
          "1524542810815",
          "1524542876619",
          "1524542887532",
          "1524542940733"
        ],
        "settings": {
          "text-box": "Title"
        }
      }
    },
    "content_for_index": [
      "1522694392399",
      "1522694412449",
      "1523326170081",
      "1522695652320",
      "1522696447571",
      "1522696456543"
    ]
  },
  "presets": {
    "Default": {
      "sections": {
        "collection-list": {
          "type": "collection-list",
          "blocks": {
            "collection-list-0": {
              "type": "collection",
              "settings": {
              }
            },
            "collection-list-1": {
              "type": "collection",
              "settings": {
              }
            },
            "collection-list-2": {
              "type": "collection",
              "settings": {
              }
            }
          },
          "block_order": [
            "collection-list-0",
            "collection-list-1",
            "collection-list-2"
          ],
          "settings": {
          }
        },
        "featured-collection": {
          "type": "featured-collection",
          "settings": {
            "collection": "frontpage"
          }
        },
        "featured-product": {
          "type": "featured-product",
          "settings": {
          }
        }
      },
      "content_for_index": [
        "collection-list",
        "featured-collection",
        "featured-product"
      ]
    }
  }
}
